Ref,Val,Package,PosX,PosY,Rot,Side
"C1","100nF","C_0805_2012Metric",53.450000,-51.400000,0.000000,top
"C2","100nF","C_0805_2012Metric",67.300000,-51.250000,0.000000,top
"C3","10uF","C_0805_2012Metric",53.280000,-45.837500,90.000000,top
"C4","10uF","C_0805_2012Metric",53.280000,-54.587500,90.000000,top
"C5","10uF","C_0805_2012Metric",57.000000,-51.400000,0.000000,top
"D1","BAT54S","SOT-23",48.937500,-39.750000,180.000000,top
"D2","BAT54S","SOT-23",48.937500,-57.500000,180.000000,top
"D3","1N4148W","D_SOD-123",54.650000,-42.500000,180.000000,top
"D4","1N4148W","D_SOD-123",54.650000,-57.750000,180.000000,top
"J1","CT1","TerminalBlock_Phoenix_PT-1,5-2-3.5-H_1x02_P3.50mm_Horizontal",36.000000,-40.000000,-90.000000,top
"J2","CT2","TerminalBlock_Phoenix_PT-1,5-2-3.5-H_1x02_P3.50mm_Horizontal",36.000000,-58.000000,-90.000000,top
"J3","OUT","PinHeader_1x04_P2.54mm_Vertical",75.000000,-45.190000,0.000000,top
"JP1","MODE","PinHeader_1x02_P2.54mm_Vertical",43.400000,-46.900000,0.000000,top
"R1","1.1k","R_1206_3216Metric",41.200000,-41.460000,-90.000000,top
"R2","110R","R_1206_3216Metric",44.000000,-41.460000,-90.000000,top
"R3","100R","R_1206_3216Metric",41.200000,-56.540000,90.000000,top
"R4","1k","R_0805_2012Metric",47.000000,-43.600000,0.000000,top
"R5","1k","R_0805_2012Metric",47.000000,-54.400000,0.000000,top
"R6","100R","R_0805_2012Metric",53.087500,-38.500000,0.000000,top
"R7","100R","R_0805_2012Metric",52.337500,-61.500000,0.000000,top
"R8","100k","R_0805_2012Metric",56.750000,-45.837500,90.000000,top
"R9","100k","R_0805_2012Metric",56.750000,-54.587500,90.000000,top
"R10","10M","R_0805_2012Metric",60.162500,-41.000000,0.000000,top
"R11","10M","R_0805_2012Metric",60.162500,-56.700000,0.000000,top
"RV1","10k","Potentiometer_Bourns_3269W_Vertical",67.800000,-40.000000,90.000000,top
"RV2","10k","Potentiometer_Bourns_3269W_Vertical",67.800000,-58.000000,90.000000,top
"U1","TLV9002IDGKR","MSOP-8_3x3mm_P0.65mm",49.000000,-49.000000,-90.000000,top
"U2","TLV3212IDGKR","MSOP-8_3x3mm_P0.65mm",63.000000,-49.000000,-90.000000,top
