Refs,Value,Footprint,Tolerance,Rating,Description,Alternative Part Number
"C1,C2",100nF,Capacitor_SMD:C_0805_2012Metric,,25V,,
C3-C5,10uF,Capacitor_SMD:C_0805_2012Metric,,25V,,
"D1,D2",BAT54S,Package_TO_SOT_SMD:SOT-23,,,,
"D3,D4",1N4148W,Diode_SMD:D_SOD-123,,,,
J1,CT1 In,"TerminalBlock_Phoenix:TerminalBlock_Phoenix_PT-1,5-2-3.5-H_1x02_P3.50mm_Horizontal",,,,
J2,CT2 In,"TerminalBlock_Phoenix:TerminalBlock_Phoenix_PT-1,5-2-3.5-H_1x02_P3.50mm_Horizontal",,,,
J3,OUT,Connector_PinHeader_2.54mm:PinHeader_1x04_P2.54mm_Vertical,,,,
JP1,MODE,Connector_PinHeader_2.54mm:PinHeader_1x02_P2.54mm_Vertical,,,,
R1,1.1k,Resistor_SMD:R_1206_3216Metric,1%,,,
R2,110R,Resistor_SMD:R_1206_3216Metric,1%,,,
R3,100R,Resistor_SMD:R_1206_3216Metric,1%,,,
"R4,R5",1k,Resistor_SMD:R_0805_2012Metric,,,,
"R6,R7",100R,Resistor_SMD:R_0805_2012Metric,,,,
"R8,R9",100k,Resistor_SMD:R_0805_2012Metric,,,,
"R10,R11",10M,Resistor_SMD:R_0805_2012Metric,,,,
"RV1,RV2",10k,Potentiometer_SMD:Potentiometer_Bourns_3269W_Vertical,,,,
U1,TLV9002IDGKR,Package_SO:MSOP-8_3x3mm_P0.65mm,,,,
U2,TLV3212IDGKR,Package_SO:MSOP-8_3x3mm_P0.65mm,,,,TLV7012DGKR
